<?xml version="1.0" encoding="UTF-8" standalone="yes"?>
<addon id="plugin.video.diegox" name="DiegoX" version="1.0.0" provider-name="DiegoX">
    
    <requires>
        <import addon="xbmc.python" version="2.1.0"/>
    </requires>

    <extension point="xbmc.python.pluginsource" library="default.py" />
    
    <extension point="xbmc.addon.metadata">
    <settings>resources/settings.xml</settings>
    </extension>

    <assets>
        <icon>icon.png</icon>
        <fanart>fanart.jpg</fanart>
    </assets>
</addon>
