<?xml version="1.0" encoding="UTF-8" standalone="yes"?>
<addon id="plugin.addon.diegox" name="Diegox" version="1.2.3" provider-name="You">
  <requires>
    <import addon="xbmc.python" version="2.25.0" />
  </requires>
  <extension point="xbmc.python.pluginsource" library="default.py">
    <provides>video</provides>
  </extension>
  <extension point="xbmc.addon.metadata">
    <summary lang="es_es">Your add-on's summary</summary>
    <description lang="en_GB">Your add-on's description</description>
    <disclaimer lang="en_GB"></disclaimer>
    <assets>
        <icon>resources/media/icon.png</icon>
    </assets>
  </extension>
</addon>