<?xml version="1.0" encoding="UTF-8" standalone="yes"?>
<addon id="plugin.video.diegox" name="Diegox" version="4.0.0" provider-name="Diegox">
  <extension point="xbmc.python.pluginsource" library="default.py">
    <provides>video</provides>
  </extension>
  <extension point="xbmc.addon.metadata">
    <summary lang="en_GB">Your add-on's summary</summary>
    <description lang="en_GB">Your add-on's description</description>
    <assets>
        <icon>icon.png</icon>
        <fanart>fanart.jpg</fanart>
        <banner></banner> <!-- optional -->
        <clearlogo>resources/clearlogo.png</clearlogo> <!-- optional -->
        <screenshot></screenshot> <!-- optional, max. 10 -->
    </assets>
  </extension>
</addon>